{"frame_index": 1, "source_time_raw_days": 0.11111111111111076, "source_time_hours": 2.666666666666658, "flooded_cells": 0, "cells": []}